Workbook

Sheet Matriz Ckeck LIst
C3: MATRIZ PARA COMPROBACIÓN REQUERIMIENTOS DE CALIDAD DE PROYECTO ACADEMICO
D5: SISTEMA: | E5: Sistema de agendamiento de sistema medico AgendaMed Renacer
F6: Requerimientos Funcionales
B7: Nº | C7: CRITERIOS DE CALIDAD (Documento/Requerimientos) | E7: Status Nivel de Acuerdo | F7: 2.2.3.1 RF-PAC-01 Registrar Paciente | G7: Status Nivel de Acuerdo | H7: 100 | I7: 2.2.3.4 RF-PAC-04 Buscar Paciente | J7: Status Nivel de Acuerdo | K7: 2.2.3.5 RF-PAC-05 Consultar Historial de Citas
H8: 0
B9: 1 | C9: Agreed | E9: OK | F9: 1. Videoconferencia de la entrevista 2. Minuta de la entrevista 3. Aceptación por videoconferencia | G9: OK | H9: 1 | I9: 1. El equipo se reunió y acordó el requisito. 2. Quedó registrado en actas 3. Videoconferencia de la entrevista | J9: OK | K9: 1. Videoconferencia de la entrevista 2. El equipo se reunió y acordó el requisito. 3. Quedó registrado en actas
B10: 2 | C10: Ranked | E10: OK | F10: 1. En la descripción del caso de Uso se especifica la prioridad Alta | G10: OK | I10: 1. En la descripción del caso de uso se especifica la prioridad Imprescindible | J10: OK | K10: 1. En la descripción del caso de uso se especifica la prioridad que debería tener
B11: 3 | C11: Unambiguos | E11: OK | F11: 1. Redacción en lenguaje claro. 2. El tutor y el equipo interpretan de igual manera el caso de uso | G11: NOK | I11: 1. Redacción en lenguaje claro. 2. No aclara si buscar por correo o celular es exacto o parcial | J11: NOK | K11: 1. Redacción en lenguaje claro. 2. 'Próximas, pasadas y canceladas' se confunden entre sí
B12: 4 | C12: Valid and up-to date | E12: OK | F12: 1. Toda nueva información ha sido incorporada, se han incorporado los últimos cambios pedidos luego del feedback realizado por el cliente | G12: OK | I12: 1. El documento está actualizado a la última versión. 2. Incluye los cambios que se pidieron | J12: OK | K12: 1. El documento está actualizado a la última versión. 2. Incluye los cambios que se pidieron
B13: 5 | C13: Correct | E13: OK | F13: 1. Está alineado con los objetivos del sistema. 2. Refleja lo que realmente necesita el cliente. | G13: OK | I13: 1. Ayuda a Recepción a encontrar rápido al paciente. 2. El Médico solo ve a sus pacientes | J13: OK | K13: 1. El paciente puede ver y manejar sus citas en 'Mis Citas'. 2. Es solo historial de citas, sin historia clínica
B14: 6 | C14: Consisten | E14: OK | F14: 1. Documentación basada en modelos: Diagrama de Casos de Uso 2. Usa términos definidos previamente. | G14: NOK | I14: 1. Se basa en el diagrama de casos de uso. 2. RF-CIT-04 no usa esta búsqueda aunque debería | J14: NOK | K14: 1. Un criterio dice 'menos de 4 horas'. 2. Otro requisito dice '4 horas o menos'
B15: 7 | C15: Verifiable | E15: OK | F15: 1. Requisito Medible 2. Falta Casos de Prueba | G15: OK | I15: 1. Se puede medir: 3 segundos y 100 resultados por página. 2. Faltan criterios para correo y celular, y casos de prueba | J15: OK | K15: 1. Se puede medir con los criterios de aceptación. 2. Faltan casos de prueba y el tiempo de respuesta
B16: 8 | C16: Realizable | E16: NOK | F16: 1. Funcionalidad tomada en cuenta dentro de la estimación del costo del proyecto (900$) 2. No se ha desarrollado | G16: NOK | I16: 1. No se indica costo ni plazo del requisito. 2. No se ha desarrollado | J16: NOK | K16: 1. No se indica costo ni plazo del requisito. 2. No se ha desarrollado
B17: 9 | C17: Traceable | E17: OK | F17: 1. Es claro el origen del requisito y sus relaciones con otros requisitos (matriz de trazabilidad cliente/casos de uso y casos de uso/casos de uso) 2. Cuenta con un identificador único | G17: OK | I17: 1. Se entiende de dónde viene el requisito. 2. Se relaciona con el agendamiento de citas y los pagos. 3. Tiene un ID único | J17: OK | K17: 1. Se entiende de dónde viene el requisito. 2. Se relaciona con cancelar, reprogramar y pagos. 3. Tiene un ID único
B18: 10 | C18: Complete | E18: OK | F18: 1. Contiene toda la información necesaria (entradas, salidas, precondiciones, postcondiciones) para entender y diseñar la función. 2. Describe completamente la funcionalidad esperada. | G18: OK | I18: 1. Incluye cómo buscar, qué resultados se muestran y qué ve cada rol | J18: NOK | K18: 1. Falta definir cuánto debe tardar en responder
B19: 11 | C19: Understandability | E19: OK | F19: 1. Se involucra al cliente 2. Existe glosario de términos | G19: NOK | I19: 1. Hay términos que no están en el glosario, como 'minimización de datos' | J19: OK | K19: 1. Términos como 'Mis Citas' y los estados de la cita están explicados

Sheet MODELO LISTA DE COMPROBACION 1 
B1: SISTEMA: | C1: Sistema de agendamiento de sistema medico AgendaMed Renacer v3.2
B2: FECHA: | C2: 46296
B3: AUTOR: | C3: Criollo Sebastian
B4: REQUERIMIENTOS EVALUADOS : | C4: RF-010 Registro de Paciente Nuevo
A6: CONTENIDO
A7: No. | B7: Pregunta | C7: SI | D7: NO
A8: 1 | B8: Todos los requerimientos relevantes se han documentado? | C8: X
A9: 2 | B9: Se han implementado las funciones requeridas? | D9: X
A10: 3 | B10: Existe algún mecanismo que permita seguir el impacto de dicho requerimiento a lo largo del resto de las actividades del ciclo productivo.? | C10: X
A11: 4 | B11: El origen de cada requerimento individual está claro ? | C11: X
A12: 5 | B12: Que tan facil es devolverse a los requerimientos? | C12: X
A13: 6 | B13: Los requerimientos reflejan las necesidades y deseos del cliente? | C13: X
A14: 7 | B14: No hay contradicciones entre los requerimientos? | C14: X
A15: 8 | B15: El requerimiento que se esta especificando contribuye a alcanzar un objetivo definido ? | C15: X
A16: 9 | B16: Existe un proceso acotado (en plazo y presupuesto) que permita determinar que el sistema construido satisface lo descrito en el propio requerimiento? | C16: X
A17: SUMATORIA: | C17: =COUNTA('MODELO LISTA DE COMPROBACION 1 '!$C$8:$C$16) -> 8 | D17: =COUNTA('MODELO LISTA DE COMPROBACION 1 '!$D$8:$D$16) -> 1
A18: PORCENTAJE : | C18: =C17/9 -> 0.88888889 | D18: =D17/9 -> 0.11111111
A20: DOCUMENTACIÓN
A21: No. | B21: Pregunta | C21: SI | D21: NO
A22: 1 | B22: Aplica un estandar para la documetación de requerimiento? | C22: X
A23: 2 | B23: Cumple con la estructura definida por el estandar? | D23: X
A24: 3 | B24: Utiliza un Glosario de términos normalizado? | D24: X
A25: 4 | B25: Los requerimientos Funcionales estan sujetos a una única interpretación? | C25: X
A26: 5 | B26: El modelo aplicado cumple con la sintaxis? | C26: X
A27: SUMATORIA: | C27: =COUNTA('MODELO LISTA DE COMPROBACION 1 '!$C$22:$C$26) -> 3 | D27: =COUNTA('MODELO LISTA DE COMPROBACION 1 '!$D$22:$D$26) -> 2
A28: PORCENTAJE : | C28: =C27/5 -> 0.6 | D28: =D27/5 -> 0.4
A30: NIVEL DE ACUERDO
A31: No. | B31: Pregunta | C31: SI | D31: NO
A32: 1 | B32: Todos los requerimientos han sido acordados con todos los interesados? | C32: X
A33: 2 | B33: Todos los requerimientos modificados han sido acordados por todos los implicados? | D33: X
A34: 3 | B34: Han sido resueltos todos los conflictos conocidos respectos de los requerimientos? | D34: X
A35: SUMATORIA: | C35: =COUNTA('MODELO LISTA DE COMPROBACION 1 '!$C$32:$C$34) -> 1 | D35: =COUNTA('MODELO LISTA DE COMPROBACION 1 '!$D$32:$D$34) -> 2
A36: PORCENTAJE : | C36: =C35/3 -> 0.33333333 | D36: =D35/3 -> 0.66666667
A40: RESUMEN
B41: CONTENIDO | C41: 89
B42: DOCUMENTACIÓN | C42: 100
B43: NIVEL DE ACUERDO | C43: 100

Sheet MODELO LISTA DE COMPROBACION 2
B1: SISTEMA: | C1: Sistema de agendamiento de sistema medico AgendaMed Renacer v3.2
B2: FECHA: | C2: 46296
B3: AUTOR: | C3: Esteban Santos
B4: REQUERIMIENTOS EVALUADOS : | C4: Buscar Paciente
A6: CONTENIDO
A7: No. | B7: Pregunta | C7: SI | D7: NO
A8: 1 | B8: Todos los requerimientos relevantes se han documentado? | C8: X
A9: 2 | B9: Se han implementado las funciones requeridas? | D9: X
A10: 3 | B10: Existe algún mecanismo que permita seguir el impacto de dicho requerimiento a lo largo del resto de las actividades del ciclo productivo.? | C10: X
A11: 4 | B11: El origen de cada requerimento individual está claro ? | C11: X
A12: 5 | B12: Que tan facil es devolverse a los requerimientos? | C12: X
A13: 6 | B13: Los requerimientos reflejan las necesidades y deseos del cliente? | C13: X
A14: 7 | B14: No hay contradicciones entre los requerimientos? | D14: X
A15: 8 | B15: El requerimiento que se esta especificando contribuye a alcanzar un objetivo definido ? | C15: X
A16: 9 | B16: Existe un proceso acotado (en plazo y presupuesto) que permita determinar que el sistema construido satisface lo descrito en el propio requerimiento? | C16: X
A17: SUMATORIA: | C17: =COUNTA('MODELO LISTA DE COMPROBACION 2'!$C$8:$C$16) -> 7 | D17: =COUNTA('MODELO LISTA DE COMPROBACION 2'!$D$8:$D$16) -> 2
A18: PORCENTAJE : | C18: =C17/9 -> 0.77777778 | D18: =D17/9 -> 0.22222222
A20: DOCUMENTACIÓN
A21: No. | B21: Pregunta | C21: SI | D21: NO
A22: 1 | B22: Aplica un estandar para la documetación de requerimiento? | C22: X
A23: 2 | B23: Cumple con la estructura definida por el estandar? | D23: X
A24: 3 | B24: Utiliza un Glosario de términos normalizado? | D24: X
A25: 4 | B25: Los requerimientos Funcionales estan sujetos a una única interpretación? | D25: X
A26: 5 | B26: El modelo aplicado cumple con la sintaxis? | C26: X
A27: SUMATORIA: | C27: =COUNTA('MODELO LISTA DE COMPROBACION 2'!$C$22:$C$26) -> 2 | D27: =COUNTA('MODELO LISTA DE COMPROBACION 2'!$D$22:$D$26) -> 3
A28: PORCENTAJE : | C28: =C27/5 -> 0.4 | D28: =D27/5 -> 0.6
A30: NIVEL DE ACUERDO
A31: No. | B31: Pregunta | C31: SI | D31: NO
A32: 1 | B32: Todos los requerimientos han sido acordados con todos los interesados? | C32: X
A33: 2 | B33: Todos los requerimientos modificados han sido acordados por todos los implicados? | D33: X
A34: 3 | B34: Han sido resueltos todos los conflictos conocidos respectos de los requerimientos? | D34: X
A35: SUMATORIA: | C35: =COUNTA('MODELO LISTA DE COMPROBACION 2'!$C$32:$C$34) -> 1 | D35: =COUNTA('MODELO LISTA DE COMPROBACION 2'!$D$32:$D$34) -> 2
A36: PORCENTAJE : | C36: =C35/3 -> 0.33333333 | D36: =D35/3 -> 0.66666667
A40: RESUMEN
B41: CONTENIDO | C41: =ROUND(C18*100,0) -> 78
B42: DOCUMENTACIÓN | C42: =ROUND(C28*100,0) -> 40
B43: NIVEL DE ACUERDO | C43: =ROUND(C36*100,0) -> 33

Sheet MODELO LISTA DE COMPROBACION 3
B1: SISTEMA: | C1: Sistema de agendamiento de sistema medico AgendaMed Renacer v3.2
B2: FECHA: | C2: 46296
B3: AUTOR: | C3: Maycol Celi
B4: REQUERIMIENTOS EVALUADOS : | C4: Consultar Historial de Citas
A6: CONTENIDO
A7: No. | B7: Pregunta | C7: SI | D7: NO
A8: 1 | B8: Todos los requerimientos relevantes se han documentado? | C8: X
A9: 2 | B9: Se han implementado las funciones requeridas? | D9: X
A10: 3 | B10: Existe algún mecanismo que permita seguir el impacto de dicho requerimiento a lo largo del resto de las actividades del ciclo productivo.? | C10: X
A11: 4 | B11: El origen de cada requerimento individual está claro ? | C11: X
A12: 5 | B12: Que tan facil es devolverse a los requerimientos? | C12: X
A13: 6 | B13: Los requerimientos reflejan las necesidades y deseos del cliente? | C13: X
A14: 7 | B14: No hay contradicciones entre los requerimientos? | D14: X
A15: 8 | B15: El requerimiento que se esta especificando contribuye a alcanzar un objetivo definido ? | C15: X
A16: 9 | B16: Existe un proceso acotado (en plazo y presupuesto) que permita determinar que el sistema construido satisface lo descrito en el propio requerimiento? | C16: X
A17: SUMATORIA: | C17: =COUNTA('MODELO LISTA DE COMPROBACION 3'!$C$8:$C$16) -> 7 | D17: =COUNTA('MODELO LISTA DE COMPROBACION 3'!$D$8:$D$16) -> 2
A18: PORCENTAJE : | C18: =C17/9 -> 0.77777778 | D18: =D17/9 -> 0.22222222
A20: DOCUMENTACIÓN
A21: No. | B21: Pregunta | C21: SI | D21: NO
A22: 1 | B22: Aplica un estandar para la documetación de requerimiento? | C22: X
A23: 2 | B23: Cumple con la estructura definida por el estandar? | D23: X
A24: 3 | B24: Utiliza un Glosario de términos normalizado? | D24: X
A25: 4 | B25: Los requerimientos Funcionales estan sujetos a una única interpretación? | D25: X
A26: 5 | B26: El modelo aplicado cumple con la sintaxis? | C26: X
A27: SUMATORIA: | C27: =COUNTA('MODELO LISTA DE COMPROBACION 3'!$C$22:$C$26) -> 2 | D27: =COUNTA('MODELO LISTA DE COMPROBACION 3'!$D$22:$D$26) -> 3
A28: PORCENTAJE : | C28: =C27/5 -> 0.4 | D28: =D27/5 -> 0.6
A30: NIVEL DE ACUERDO
A31: No. | B31: Pregunta | C31: SI | D31: NO
A32: 1 | B32: Todos los requerimientos han sido acordados con todos los interesados? | C32: X
A33: 2 | B33: Todos los requerimientos modificados han sido acordados por todos los implicados? | D33: X
A34: 3 | B34: Han sido resueltos todos los conflictos conocidos respectos de los requerimientos? | D34: X
A35: SUMATORIA: | C35: =COUNTA('MODELO LISTA DE COMPROBACION 3'!$C$32:$C$34) -> 1 | D35: =COUNTA('MODELO LISTA DE COMPROBACION 3'!$D$32:$D$34) -> 2
A36: PORCENTAJE : | C36: =C35/3 -> 0.33333333 | D36: =D35/3 -> 0.66666667
A40: RESUMEN
B41: CONTENIDO | C41: =ROUND(C18*100,0) -> 78
B42: DOCUMENTACIÓN | C42: =ROUND(C28*100,0) -> 40
B43: NIVEL DE ACUERDO | C43: =ROUND(C36*100,0) -> 33

Sheet RECOMENDACIONES - RF-PAC-01
A1: PREGUNTA | B1: RECOMENDACIÓN
A2: ¿Se ha validado y aprobado el requisito RF-PAC-01 por los interesados correspondientes? | B2: Registrar la aprobación del requisito mediante acta, firma digital o evidencia de validación por parte del tutor, cliente y equipo.
A3: ¿Se han definido criterios de aceptación que permitan verificar objetivamente el cumplimiento del requisito? | B3: Mantener o ampliar los criterios de aceptación CA-01 a CA-06 y asociarlos con casos de prueba.

Sheet RECOMENDACIONES - RF-PAC-04
A1: PREGUNTA | B1: RECOMENDACIÓN
A2: ¿Se aclaró si buscar por correo o celular es exacto o parcial? | B2: Definir si la búsqueda es exacta o parcial y poner un criterio de aceptación para eso.
A3: ¿Se definió qué citas dejan al Médico ver a un paciente? | B3: Aclarar si las citas canceladas o ausentes también cuentan.
A4: ¿RF-CIT-04 usa la búsqueda de paciente antes de agendar? | B4: Agregar la búsqueda de RF-PAC-04 en RF-CIT-04.
A5: ¿Los criterios cubren los 3 segundos y los 100 resultados? | B5: Agregar criterios para medir el tiempo y la paginación en todas las búsquedas.

Sheet RECOMENDACIONES - RF-PAC-05
A1: PREGUNTA | B1: RECOMENDACIÓN
A2: ¿Qué pasa si faltan exactamente 4 horas para la cita? | B2: Poner el mismo límite en todos los requisitos (más de 4 horas).
A3: ¿Está claro qué es cita próxima, pasada y cancelada? | B3: Definir qué estados entran en cada grupo.
A4: ¿Se definió cuánto debe tardar el historial en cargar? | B4: Agregar un criterio de aceptación con el tiempo máximo (3 segundos).
A5: ¿Hay criterios para los filtros y la descarga de recibos? | B5: Agregar criterios de aceptación para los filtros y los recibos.
